"matricola","Cognome","Nome"
"1505923258","Morelli","Simonetta"
"1505928095","Medici","Paolo"
"1506166425","Rimondi","Maria Pia"
"1506170335","Casarini","Maria"
"1506849539","Minelli","Carmelo"
"1506877444","Monti","Dino"
"1506877653","Negrini","Martino"
"1506906429","Zucchelli","Miriam"
"1506939009","Busi","Eva"
"1506966781","Franceschi","Fernando"
"1506967841","Morini","Concetta"
"1506998774","Galli","Dante"
"1507740447","Forni","Amedeo"
"1507744359","Grandi","Caterina"
"1507773310","Ferrari","Elisa"
"1510787968","Farne","Mirella"
"1511583489","Basile","Gabriella"
"1511587362","Federici","Norma"
"1513286320","Rambaldi","Gabriella"
"1534706298","Ghini","Gennaro"
"1534707007","Cevenini","Giacomo"
"1534769599","Grimaldi","Lisa"
"1534793532","Malavasi","Omar"
"1534793682","Grazia","Maria Grazia"
"1535660534","Zanasi","Leda"
"1536494593","Mattei","Arianna"
"1536645589","Bonafe","Vanna"
"1537295168","Chiarini","Gennaro"
"1538223369","Bonfiglioli","Pasquale"
"1538335958","Benini","Guglielmo"
"1539145158","Biagi","Carla"
"1539229725","Grimaldi","Maria Cristina"
"1540065638","Neri","Gloria"
"1540066782","Giusti","Otello"
"1541174540","Bianchini","Vincenza"
"1541200519","Valentini","Nadia"
"1541228631","Stefani","Federica"
"1541258297","Michelini","Gian Paolo"
"1541259355","Grilli","Lina"
"1542060767","Mazzanti","Luigia"
"1542096169","Paolini","Massimiliano"
"1542834344","Santi","Elisa"
"1542843110","Albertini","Maddalena"
"1543103479","Sgarzi","Eugenio"
"1563368031","Tomesani","Carlotta"
"1565147798","Baldazzi","Adelmo"
"1565923415","Venturi","Raffaele"
"1566109601","Morara","Otello"
"1566162675","Minarelli","Romeo"
"1566164471","Mariani","Emilia"
"1566845886","Mignani","Norma"
"1567025498","Maurizzi","Mirko"
"1567033313","Manfredi","Luigia"
"1567060061","Alberghini","Raffaella"
"1567091782","Salmi","Ugo"
"1567829110","Baraldi","Ciro"
"1567830853","Cassanelli","Lucio"
"1567831962","Masi","Bianca"
"1567892358","Pancaldi","Diana"
"1567894432","Biagi","Giancarlo"
"1567978870","Lanzoni","Edoardo"
"1568009687","Federici","Graziella"
"1568014434","Salomoni","Ivan"
"1568015488","Santini","Alma"
"1568694944","Bordoni","Maddalena"
"1568725723","Gherardi","Cristina"
"1568728453","Righetti","Sofia"
"1568755272","Gamberini","Serena"
"1568757165","Conti","Liliana"
"1568784312","Corazza","Federica"
"1568819811","Rubbini","Maurizio"
"1568842692","Cane","Gaia"
"1568850436","Singh","Alessia"
"1568873600","Morara","Fulvio"
"1568908290","Ruggeri","Pasquale"
"1568939011","Hu","Edda"
"1568965790","Palmieri","Giorgina"
"1569616361","Tinti","Attilio"
"1569621162","Pesci","Federica"
"1569646236","Lippi","Angiolina"
"1569772135","Raimondi","Elvira"
"1569825890","Rambaldi","Greta"
"1569826848","Bonetti","Franca"
"1569884476","Baccolini","Domenica"
"1571673049","Medici","Silvia"
"1591819425","Cioni","Chiara"
"1591876219","Lin","Lorena"
"1592853338","Borsari","Mattia"
"1593725086","Pizzirani","Gian Carlo"
"1594618631","Biagini","Felice"
"1594648667","Stefani","Federico"
"1594768583","Cavicchi","Romano"
"1596401537","Rossetti","Otello"
"1596495708","Zanni","Iole"
"1596580219","Poggi","Graziano"
"1596638654","Toschi","Eva"
"1596667674","Bassi","Gino"
"1596672477","Rossi","Giuliano"
"1597323936","Cesari","Martino"
"1597384484","Baroni","Graziano"
"1597386531","Bernardi","Rita"
"1597415299","Francia","Umberto"
"1597447812","Ugolini","Lino"
"1597475810","Esposito","Valentina"
"1597502681","Bondi","Moreno"
"1597505537","Lenzi","Gabriele"
"1597539269","Turrini","Lucio"
"1597569027","Bordoni","Elisabetta"
"1598280077","Gentile","Rocco"
"1598281252","Grilli","Oscar"
"1598282958","Scala","Giancarlo"
"1598309987","Carli","Anna"
"1598343687","Romano","Rossana"
"1598364761","Betti","Paola"
"1598394552","Guerzoni","Sauro"
"1598399488","Pazzaglia","Maddalena"
"1598403329","Migliori","Marisa"
"1598430083","Malaguti","Laura"
"1598455223","Bergonzoni","Daniel"
"1598462721","Guidetti","Bruna"
"1598522400","Stanzani","Valentino"
"1599200958","Tosi","Lucia"
"1599204619","Cavallari","Cecilia"
"1599231617","Beghelli","Armando"
"1599234534","Parisini","Emilia"
"1599237382","Merighi","Irene"
"1599261409","Piazzi","Lara"
"1599323936","Gabrielli","Sebastiano"
"1599353477","Leone","Emilia"
"1599378679","Bettini","Emanuele"
"1599407578","Zhou","Elia"
"1599409375","Parenti","Athos"
"1599410330","Bianconi","Annamaria"
"1599440957","Lorenzini","Augusto"
"1599441987","Trevisani","Samuele"
"1599442043","amico","Manuel"
"1600124387","Bonvicini","Concetta"
"1600131054","Negri","Gianluigi"
"1600273278","Grassi","Serena"
"1600275259","Alberghini","Silvio"
"1600309952","Landi","Carla"
"1600339494","Aldrovandi","Maura"
"1600362741","Ravaglia","Adriana"
"1621396091","Vaccari","Emma"
"1622498453","Zhou","Irma"
"1622526260","Pezzoli","Gerardo"
"1622529017","Benini","Adriano"
"1623270944","Scagliarini","Valentino"
"1623271812","Bernardi","Fausto"
"1623300638","Onofri","Carmela"
"1623300701","Poggi","Vittorina"
"1623335324","Villa","Massimo"
"1623362204","Pallotti","Maria"
"1623363383","Lippi","Aurelio"
"1623396864","Panzacchi","Pierpaolo"
"1623427649","Biagini","Giuliana"
"1623454681","Monari","Sebastiano"
"1624106083","Fanti","Morena"
"1624197348","Stagni","Lidia"
"1624224309","Cavina","Irene"
"1624225147","Albertazzi","Carlo"
"1624259870","Giuliani","Vittorio"
"1624313595","Galletti","Anna"
"1625152706","Bergamini","Vanda"
"1625185407","Brizzi","Ahmed"
"1625237180","Landuzzi","Giuseppina"
"1625956070","Scagliarini","Christian"
"1626135677","Zaniboni","Sabrina"
"1626223133","Bonora","Gianluigi"
"1626908478","Soverini","Ahmed"
"1626913222","Fontana","Luciano"
"1626937057","Rossetti","Vittoria"
"1627000646","Parisini","David"
"1627028631","Albertini","Sandro"
"1627031397","Pazzaglia","Carmen"
"1627053403","Zheng","Amedeo"
"1627060259","Regazzi","Rossella"
"1627089924","Romano","Elio"
"1627145695","Zuppiroli","Gina"
"1627145726","Piana","Michael"
"1627148695","Gherardi","Loris"
"1627800287","Bertuzzi","Edda"
"1627802984","Messina","Nicoletta"
"1627830951","Gruppioni","Diana"
"1627834850","Musiani","Michelangelo"
"1627834888","Dall'olio","Elia"
"1627836586","Colombari","Chiara"
"1627866596","Stanzani","Ferruccio"
"1627889687","Pedrini","Lina"
"1627890377","Mengoli","Dante"
"1627948034","Amadori","Mattia"
"1627953865","Bianchi","Amedeo"
"1627976926","Tassinari","Ivan"
"1627977108","Bentivogli","Gabriele"
"1628014617","Bonora","Cosimo"
"1628043362","Tedeschi","Cecilia"
"1628726660","Cinti","Carla"
"1628758378","De Luca","Ivan"
"1628787019","Albertini","Filippo"
"1628814169","Giordano","Cristina"
"1628907208","Fantoni","Anna"
"1628933123","Bondi","Loredana"
"1628960181","Lambertini","Pierluigi"
"1628989915","Naldi","Giuseppa"
"1628995524","Zocca","Rossella"
"1628998495","Zamboni","Ferdinando"
"1649102589","Zhou","Cristina"
"1649313143","Tolomelli","Tommaso"
"1651813786","Onofri","Dina"
"1652763971","Melloni","Ivana"
"1653868285","Bianchini","Jessica"
"1653870233","Melloni","Erika"
"1653873024","Grimaldi","Sandra"
"1653896145","Biagi","Gianluigi"
"1653928791","Milani","Manuela"
"1654580504","Magagnoli","Ettore"
"1654587043","Calzolari","Bianca"
"1654617989","Landini","Giovanna"
"1654700418","Pedretti","Agostino"
"1654704352","Muzzi","Marino"
"1654706215","Gandolfi","Laura"
"1654730389","Ferioli","Gianfranco"
"1654764796","Cane'","Sofia"
"1654796607","Michelini","Anna Maria"
"1654819670","Giordani","Silvio"
"1654827451","Salmi","Valerio"
"1654851226","Lombardo","Katia"
"1655509579","Melloni","Valentino"
"1655539307","Zanarini","Enrico"
"1655571981","Naldi","Gian Luca"
"1656487997","Soverini","Rossana"
"1656519520","Rizzoli","Dario"
"1656522442","Leoni","Rosaria"
"1656606977","Sandri","Christian"
"1656702146","Benfenati","Virginia"
"1657440190","Comastri","Marisa"
"1657442359","Tubertini","Gerardo"
"1657475719","Brini","Giada"
"1657477733","Serafini","Emiliano"
"1657478729","Zerbini","Camilla"
"1657503619","Brizzi","Bruno"
"1657506595","Fantoni","Maria-Luisa"
"1657562271","Tarozzi","Rita"
"1657562335","Bernardini","Maria Pia"
"1657591038","Silvestri","Valter"
"1657594202","Pizzirani","Mirko"
"1657595871","Biagini","Angiolina"
"1657595996","Farne'","Giorgio"
"1657596057","Vitale","Enzo"
"1657624887","Cavicchi","Enrica"
"1677698169","Baroni","Tiziano"
"1677699126","Fabbri","Mara"
"1677699186","Rinaldi","Walter"
"1677736509","Pasquini","Carmelo"
"1677822103","Sarti","Sofia"
"1677937334","Nanni","Gianluigi"
"1678719775","Ricci","Ivana"
"1678742714","Carboni","Natalina"
"1678807041","Monari","Orlando"
"1679550849","Bosi","Valter"
"1679613405","Venturi","Milena"
"1679698100","Zini","Tommaso"
"1679787315","Aldrovandi","Giuliana"
"1680500570","Cantelli","Antonio"
"1680559126","Rosa","Maria Luisa"
"1680588020","Borghi","Carmine"
"1680596423","Zironi","Antonietta"
"1681513270","D'amico","Laura"
"1681516250","Masotti","Luisa"
"1681516312","Zambelli","Sandro"
"1681516372","Castellari","Emiliano"
"1681517300","Atti","Sabrina"
"1681518239","Ronchi","Ferdinando"
"1681518981","Longo","Daniele"
"1681519007","Bruni","Alex"
"1681519136","Natalini","Rino"
"1681519167","Lodi","Pierpaolo"
"1681519200","Pazzaglia","Adriano"
"1681519938","Piazzi","Maria Cristina"
"1681520125","Ferrara","Lino"
"1681542040","Russo","Virginia"
"1681542170","Minelli","Gastone"
"1681542293","Bertuzzi","Adolfo"
"1681544179","Facchini","Walter"
"1681544954","Raimondi","Grazia"
"1681545079","Gironi","Gualtiero"
"1681545142","Orlando","Anita"
"1681545144","Olivieri","Carmela"
"1681546042","Vivarelli","Gilberto"
"1681546943","Pettazzoni","Carlo"
"1681547928","Tedeschi","Chiara"
"1681548086","Valentini","Valeria"
"1681548090","Natalini","Lamberto"
"1681570970","Hossain","Morena"
"1681571895","Rahman","Adelmo"
"1681572889","Malaguti","Alessandra"
"1681573853","Busi","Gianluigi"
"1681574932","Zanni","Giampiero"
"1681574934","Mazzoni","Nicoletta"
"1681574999","Tagliavini","Emma"
"1681575797","Baldazzi","Augusto"
"1681575866","Biagi","Donato"
"1681576700","Battistini","Giampiero"
"1681579521","Bonetti","Elisa"
"1681579674","Cavalieri","Olga"
"1681579681","Nannetti","Anna-Maria"
"1681579805","Rocca","Maria Grazia"
"1681600821","Zerbini","Mirko"
"1681600914","Zambelli","Renzo"
"1681600915","Fontana","Eva"
"1681601810","Baldazzi","Giuseppa"
"1681601875","Zheng","Elena"
"1681601907","Federici","Cesarina"
"1681605496","Romagnoli","Ivan"
"1681605654","Casarini","Tonino"
"1681606430","Matteuzzi","Irma"
"1681606433","Baraldi","Lorenza"
"1681606648","Prati","Christian"
"1681607603","Paganelli","Maria Pia"
"1681608473","Tattini","Lea"
"1681609409","Cesari","Arnaldo"
"1681609495","Orlandi","Domenico"
"1681609532","Leone","Sara"
"1681609559","Venturi","Vittorio"
"1681609562","Bonvicini","Lucia"
"1681630577","Selleri","Virginia"
"1681630641","Bruno","Giordano"
"1681630704","Arbizzani","Martina"
"1681630730","Bersani","Viviana"
"1681631451","D'angelo","Mara"
"1681631605","Righi","Annamaria"
"1681632590","Maurizzi","Gualtiero"
"1681633400","Morini","Iolanda"
"1681633553","Comastri","Sandro"
"1681633558","Caruso","Irene"
"1681633584","Gruppioni","Emanuela"
"1681633621","Fini","Livia"
"1681634453","Volta","Paola"
"1681634548","Bandiera","Concetta"
"1681635257","Martini","Nadia"
"1681635325","Marchetti","Daniel"
"1681635508","Accorsi","Filippo"
"1681637276","Giordano","Romeo"
"1681638169","Zani","Mara"
"1681638202","Gruppioni","Benito"
"1681638207","Casalini","Debora"
"1681638299","Longo","Alfredo"
"1681638302","Beghelli","Sandra"
"1681638392","Balboni","Amelia"
"1681639130","Fanti","Rosanna"
"1681639137","Gandolfi","Giampiero"
"1682285983","Chiarini","Agostino"
"1682286011","Bentivogli","Marina"
"1682286817","Boschi","Stefania"
"1682286977","Borelli","Maria"
"1682287099","Morselli","Niccolo'"
"1682288834","Alberti","Gaia"
"1682288835","Armaroli","Fabio"
"1682288893","Zanardi","Simonetta"
"1682289704","Federici","Vanda"
"1682289791","Sgarzi","Maura"
"1682289983","Elmi","Domenica"
"1682290781","Mascagni","Aldo"
"1682290846","Scala","Ferdinando"
"1682291683","Balboni","Silvia"
"1682291685","Alvisi","Miriam"
"1682291716","Franzoni","Claudia"
"1682291906","Melloni","Emanuela"
"1682292614","Baraldi","Oscar"
"1682292619","Borghi","Silvana"
"1682292767","Boni","Maria Cristina"
"1682293578","Castaldini","Maria"
"1682293669","Costa","Enzo"
"1682293703","Lombardo","Irma"
"1682293762","Santini","Anita"
"1682294727","Stanzani","Iolanda"
"1682294758","Regazzi","Gianluigi"
"1682315645","Cremonini","Tiziano"
"1682315705","Forni","Roberto"
"1682315712","Bosi","Angelo"
"1682315804","Parisini","Daniele"
"1682315805","Franchini","Rocco"
"1682315865","Benini","Fernando"
"1682316606","Scagliarini","Bruna"
"1682316611","Zerbini","Fulvio"
"1682316670","Tabellini","Annalisa"
"1682316702","Cavalieri","Vittorio"
"1682316730","Cavazza","Benedetta"
"1682316790","Mantovani","Athos"
"1682316891","Olivieri","Nicolo'"
"1682317596","Bertuzzi","Maria Cristina"
"1682317602","Cavalieri","Fernanda"
"1682317660","Fanti","Denis"
"1682317695","Magnani","Pierluigi"
"1682317848","Bentivogli","Otello"
"1682318776","Longhi","Viviana"
"1682318780","Magnani","Linda"
"1682318783","Collina","Giampaolo"
"1682318806","Benini","Laura"
"1682319582","Pezzoli","Romano"
"1682319648","Zappoli","Armando"
"1682319674","Grimandi","Alfonso"
"1682319679","Fiorentini","Lucia"
"1682319773","Singh","Amedeo"
"1682320485","Passerini","Luciano"
"1682320516","Martini","Marta"
"1682320543","Conti","Alessia"
"1682320605","Zhou","Renato"
"1682320702","Ruggeri","Primo"
"1682321603","Sgarzi","Emanuele"
"1682322372","Fantoni","Nicola"
"1682322529","Giuliani","Gastone"
"1682322654","Trombetti","Nino"
"1682323367","Cervellati","Romeo"
"1682323369","Negri","Augusto"
"1682323520","Casadei","Cecilia"
"1682323548","Romano","Cesare"
"1682323582","Corsini","Morena"
"1682324293","Vignoli","Marianna"
"1682324385","Santini","Maria Pia"
"1682324478","Melloni","Gloria"
"1682324541","Zappoli","Rossana"
"1682345465","Gherardi","Edda"
"1682346457","Nascetti","Giorgina"
"1682346458","De Luca","Walther"
"1682346555","Zanardi","Diego"
"1682346618","Grillini","Marinella"
"1682346681","Galli","Marcella"
"1682346683","Accorsi","Elisabetta"
"1682347365","Lin","Giordano"
"1682347388","Forni","Ivo"
"1682347419","Hossain","Federico"
"1682347455","Poli","Sandra"
"1682347548","Malavasi","Arianna"
"1682348384","Naldi","Antonino"
"1682348387","Rocca","Ferdinando"
"1682348417","Vivarelli","Pietro"
"1682348441","Bruno","Irma"
"1682348447","Guerra","Michela"
"1682348534","Frascaroli","Annalisa"
"1682348601","Baldini","Letizia"
"1682348603","Pazzaglia","Renata"
"1682349280","Rizzi","Moreno"
"1682349282","Muzzi","Gianna"
"1682349285","Vincenzi","Ernesto"
"1682349372","Spisni","Milena"
"1682349465","Ferri","Emanuele"
"1682349496","Medici","Maurizio"
"1682349499","Palmieri","Massimo"
"1682349528","Bertocchi","Elio"
"1682349558","Bersani","Anna-Maria"
"1682350246","Dall'olio","Cesarino"
"1682350370","Parmeggiani","Walter"
"1682350403","Sabattini","Valter"
"1682350519","Baroncini","Valerio"
"1682351327","Zheng","Ilaria"
"1682352199","Balboni","Fulvio"
"1682352291","Cervellati","Remo"
"1682352447","Poli","Orlando"
"1682353252","Corazza","Bianca"
"1682353311","Ugolini","Nerina"
"1682353374","Guidotti","Oscar"
"1682354090","Galletti","Marco"
"1682354152","Govoni","Roberta"
"1682354181","Zucchelli","Nino"
"1682354239","Cervellati","Fabio"
"1682354246","Roda","William"
"1682354307","Zambelli","Sandro"
"1682354340","Elmi","Ivana"
"1682375230","Ferri","Adriano"
"1682375287","Bartolini","Lara"
"1682375290","Corticelli","Guido"
"1682375318","Zuppiroli","Bruna"
"1682375479","Biavati","Carlo"
"1682376195","Baraldi","Raffaella"
"1682376314","Tinarelli","Franca"
"1682376350","Gubellini","Arrigo"
"1682376412","Finelli","Franca"
"1682376441","Parisini","Alessandro"
"1682376469","Faggioli","Anna"
"1682377179","Pizzirani","Elena"
"1682377181","Ferretti","Renato"
"1682377337","Franchini","Franco"
"1682377370","Bolognini","Arianna"
"1682377395","Manfredi","Anna"
"1682377399","Battistini","Tiziana"
"1682377404","Pizzirani","Gian Carlo"
"1682377431","Cane'","Gianni"
"1682378146","Gardini","Vilma"
"1682378174","Gentilini","Morena"
"1682378175","Gallo","Felice"
"1682378207","Donati","Teresa"
"1682378268","Montanari","Ivano"
"1682378295","Nanetti","Rodolfo"
"1682378296","Zuppiroli","Martino"
"1682378329","Poluzzi","Donato"
"1682379133","Nannetti","Novella"
"1682379194","Fornasari","Raffaele"
"1682379294","Andreoli","Riccardo"
"1682379323","Ricci","Nino"
"1682380034","Soverini","Romeo"
"1682380188","Benni","Debora"
"1682380248","Franzoni","Lidia"
"1682380249","Bolelli","Tonino"
"1682380280","Baldi","Giovanni"
"1682380992","Sabbioni","Francesca"
"1682381152","Lombardo","Vittorina"
"1682381186","Corsini","Grazia"
"1682381212","Cavalli","Sabrina"
"1682381216","Morelli","Angelo"
"1682381952","Piazzi","Francesca"
"1682381954","Elmi","Giampaolo"
"1682381984","Brini","Margherita"
"1682381989","Grassi","Domenica"
"1682381990","Veronesi","Massimiliano"
"1682381991","Rossetti","Domenico"
"1682381992","Piccinini","Luigia"
"1682382014","Facchini","Gualtiero"
"1682382015","Mazzanti","Virginia"
"1682382016","Melloni","Emma"
"1682382017","Frascaroli","Cecilia"
"1682382018","Poggi","Benedetta"
"1682382019","Sangiorgi","Anna"
"1682382021","Faccioli","Fabio"
"1682382023","Corsini","Morena"
"1682382045","D'amico","Agostino"
"1682382046","Vecchi","Elsa"
"1682382047","Calzolari","Giampaolo"
"1682382048","Cinti","Cristian"
"1682382050","Bettini","Nadia"
"1682382051","Baravelli","Ivano"
"1682382052","Fanti","Mattia"
"1682382053","Musolesi","Gabriele"
"1682382077","Costa","Piera"
"1682382078","Rosa","Alma"
"1682382084","Zamboni","Antonio"
"1682382085","Franceschini","Corrado"
"1682382108","Aldrovandi","Maura"
"1682382138","Cavazza","Clara"
"1682382169","Taddia","Ivano"
"1682382205","Albertini","Gino"
"1682382209","Cavina","Gianna"
"1682382231","Mignani","Amedeo"
"1682382233","Matteuzzi","Viviana"
"1682382237","Regazzi","Giovanni"
"1682382238","Negroni","Cristiano"
"1682382914","Leoni","Renata"
"1682382916","Gironi","Vittoria"
"1682382917","Fontana","Niccolo'"
"1682382918","Scagliarini","Raffaella"
"1682382919","Vannini","Massimiliano"
"1682382921","Evangelisti","Renato"
"1682382944","Maccaferri","Leonardo"
"1682382945","Zanardi","Paolo"
"1682382947","Martinelli","Filomena"
"1682382949","Mazzanti","Mirella"
"1682382952","Malaguti","Simonetta"
"1682382979","Negri","Loris"
"1682382981","Bertocchi","Emiliano"
"1682383010","Lombardo","Elvira"
"1682383071","Fantuzzi","Silvia"
"1682383099","Minarini","Norma"
"1682383108","Bonetti","Riccardo"
"1682383133","Masina","Renato"
"1682383134","Basile","Ivana"
"1682383135","Malossi","Arrigo"
"1682383138","Turrini","Linda"
"1682383165","Spisni","Giuseppe"
"1682383876","Fabbri","Giovanna"
"1682383936","Pazzaglia","Carmela"
"1682383944","Rocca","Italo"
"1682383945","Migliori","Irene"
"1682383972","Vincenzi","Lisa"
"1682383976","Biagi","Tonino"
"1682384031","Degli Esposti","Cinzia"
"1682384034","Giordani","Novella"
"1682384036","Arbizzani","Dino"
"1682384038","Ghini","Adriano"
"1682384062","Franzoni","Cosimo"
"1682384066","Bergami","Diana"
"1682384091","Moruzzi","Gabriella"
"1682384099","Testoni","Giulia"
"1682384130","Fantuzzi","Germana"
"1682384159","Trombetti","Novella"
"1682384160","Grimandi","Ivo"
"1682405023","Ventura","Agostino"
"1682405055","Serafini","Lorenza"
"1682405056","Biondi","Edoardo"
"1682405080","Zanni","Lidia"
"1682405083","Pedretti","Ines"
"1682405111","Longhi","Edoardo"
"1682405112","Ferretti","Emanuele"
"1682405140","Fiorentini","Fulvio"
"1682405145","Muzzi","Vincenza"
"1682405180","Benni","Debora"
"1682405267","Tonelli","Ahmed"
"1682405268","Musiani","Antonietta"
"1682405270","Albertini","Gino"
"1682405271","Casadei","Arrigo"
"1682406015","Gubellini","Fulvio"
"1682406041","Bonetti","Antonio"
"1682406134","Biagi","Edda"
"1682406135","Nerozzi","Sara"
"1682406137","Magagnoli","Elisa"
"1682406203","Zappoli","Samuele"
"1682406229","Vivarelli","Sonia"
"1682406230","Rocca","Ettore"
"1682406231","Pini","Anita"
"1682406234","Tedeschi","Dino"
"1682406257","Ruggeri","Ernesto"
"1682406258","Marchesini","Caterina"
"1682406265","Farne'","Antonietta"
"1682407001","Basile","Francesco"
"1682407037","Bordoni","Flavio"
"1682407063","Brunetti","Giordano"
"1682407065","Bonvicini","Germana"
"1682407095","Michelini","Arturo"
"1682407126","Rocca","Angiolina"
"1682407902","Taddia","Cristiano"
"1682407904","Minarini","Maria Pia"
"1682407906","Pozzi","Erika"
"1682407932","Pizzirani","Edoardo"
"1682407967","Fini","Gianni"
"1682407968","Cevenini","Aldo"
"1682407969","Cioni","Ivo"
"1682407970","Sacchetti","Serena"
"1682407992","Cenacchi","Isabella"
"1682407994","Guidi","Alessandro"
"1682407995","Brunelli","Marta"
"1682407996","Bosi","Anita"
"1682407997","Benni","Rosario"
"1682407998","Martini","Novella"
"1682407999","Melloni","Primo"
"1682408001","Esposito","Martina"
"1682408023","Cuppini","Giancarla"
"1682408024","Masina","Alessia"
"1682408026","Ferrara","Corrado"
"1682408028","Rizzo","Giovanna"
"1682408030","Bianchini","Orlando"
"1682408031","Magagnoli","Donatella"
"1682408054","Belletti","Marta"
"1682408055","Caruso","Tiziano"
"1682408057","Bignami","Ferdinando"
"1682408058","Mattioli","Orazio"
"1682408060","Sarti","Caterina"
"1682408061","Cenacchi","Gennaro"
"1682408062","Taddia","Salvatore"
"1682408063","Nascetti","Amelia"
"1682408118","Filippini","Lucia"
"1682408148","Marchetti","Maria"
"1682408155","Mascagni","Loris"
"1682408181","Ghini","Athos"
"1682408183","Cesari","Nicoletta"
"1682408185","Biagini","Fernando"
"1682408861","Guidi","Irene"
"1682408868","Magagnoli","Milena"
"1682408924","Masi","Guglielmo"
"1682408926","Bertuzzi","Attilio"
"1682408931","Vitale","Giordano"
"1682408958","Ugolini","Gennaro"
"1682408962","Lanzoni","Rosario"
"1682408984","Santoro","Giordano"
"1682408985","Romano","Giancarlo"
"1682408986","Parisini","Walther"
"1682408987","Cristiani","Debora"
"1682408988","Natali","Ciro"
"1682408990","Olivieri","Nicoletta"
"1682409016","Girotti","Pierpaolo"
"1682409018","Cane'","Adele"
"1682409020","Malavasi","Piera"
"1682409021","Venturi","Giuliana"
"1682409023","Baldi","Ferruccio"
"1682409046","Casalini","Gina"
"1682409049","Negrini","Sauro"
"1682409052","Pagani","Enrico"
"1682409053","Franzoni","Anna"
"1682409085","Maccaferri","Caterina"
"1682409086","Pasquini","Gianmarco"
"1682409141","Fabbri","Carla"
"1682409822","Bortolotti","Vanda"
"1682409852","Gallo","Domenica"
"1682409853","Accorsi","Michael"
"1682409854","Arbizzani","Elisa"
"1682409855","Finelli","Ciro"
"1682409891","Santoro","Gabriella"
"1682409918","Morelli","Ezio"
"1682409920","Bassi","Gianni"
"1682409921","Selleri","Rodolfo"
"1682409922","Palmieri","Debora"
"1682409923","Franceschi","Fernanda"
"1682409945","Panzacchi","Renata"
"1682409946","Ventura","Isabella"
"1682409948","Grandi","Pietro"
"1682409949","Lin","Carlotta"
"1682409950","Pesci","Rosina"
"1682409952","Gatti","Arturo"
"1682409953","Lenzi","Gianfranco"
"1682409954","Lanzoni","Attilio"
"1682409976","Martinelli","Lina"
"1682409977","Tedeschi","Samuele"
"1682409978","Sgarzi","Mattia"
"1682409979","Monari","Gabriella"
"1682409980","Santini","Benedetta"
"1682409981","Cenacchi","Alessia"
"1682409982","Masi","Marcello"
"1682409983","Cavazza","Ilaria"
"1682409984","Grossi","Edda"
"1682409985","Carboni","Marcella"
"1682410007","Carboni","Cesarina"
"1682410008","Labanti","Luigia"
"1682410047","Selleri","Caterina"
"1682410070","Piazza","Primo"
"1682410106","Marchi","Cinzia"
"1682410107","Boschi","Maria Rosa"
"1682410784","Forlani","Walther"
"1682410787","Tinarelli","Michelangelo"
"1682410788","Bandiera","Vittorio"
"1682410813","Donati","Carolina"
"1682410814","Berselli","Rosanna"
"1682410821","Tattini","Giordano"
"1682410875","Cesari","Primo"
"1682410876","Malaguti","Gabriella"
"1682410882","Neri","Raffaele"
"1682410907","Salmi","Flavia"
"1682410910","Guidotti","Norma"
"1682410912","Nanni","Ermanno"
"1682410941","Zanetti","Elisabetta"
"1682410942","Sandri","Carmelo"
"1682410943","Faggioli","Enzo"
"1682410944","Brunelli","Emilio"
"1682410945","Naldi","Linda"
"1682410946","Cioni","Primo"
"1682410970","Negroni","Carlo"
"1682410973","Amadori","Eva"
"1682410974","Grimaldi","Susanna"
"1682410975","Fini","Loredana"
"1682410976","Zerbini","Gina"
"1682410999","Benni","Elio"
"1682411000","Bonvicini","Attilio"
"1682411002","Zanardi","Vittoria"
"1682411003","Cevenini","Lorenza"
"1682411006","Luppi","Nerina"
"1682411068","Amato","Pierina"
"1682411838","Rinaldi","Anita"
"1682411839","Esposito","Gina"
"1682411868","Monti","Martino"
"1682411870","Mazzanti","Giada"
"1682411876","Malavasi","Sara"
"1682411899","Gardini","Michele"
"1682411901","Onofri","Anita"
"1682411902","Vitale","Ivo"
"1682411904","Fornasari","Tiziana"
"1682411905","Serra","Enzo"
"1682411906","Pini","Monica"
"1682411929","Taddia","Cristiano"
"1682411930","Carli","Concetta"
"1682411931","Romagnoli","Felice"
"1682411932","Zironi","Alberto"
"1682411933","Billi","Angiolina"
"1682411934","Minarini","Maria Pia"
"1682411936","Cattani","Marinella"
"1682411937","Ansaloni","Carolina"
"1682411960","Gentile","Emiliano"
"1682411961","Righi","Italo"
"1682411962","Comastri","Corrado"
"1682411965","Pazzaglia","Concetta"
"1682411966","Martinelli","Maria Luisa"
"1682411967","Battaglia","Sauro"
"1682411968","Gatti","Linda"
"1682411969","Cavazza","Gloria"
"1682411991","Vitale","Romano"
"1682411992","Frabetti","Pierina"
"1682411993","Lenzi","Federico"
"1682411995","Lipparini","Bruno"
"1682411996","Zuppiroli","Maria Cristina"
"1682411997","Romeo","Benedetta"
"1682411999","Alberti","Leda"
"1682412000","Bruno","Miriam"
"1682412031","Bonetti","Fiorella"
"1682412828","Singh","Marianna"
"1682412832","Giovannini","Anna"
"1682412835","Pezzoli","Diego"
"1682412836","Guerra","Roberta"
"1682412865","Brunelli","Paola"
"1682412892","Mazzanti","Gino"
"1682412896","Bonfiglioli","Fernanda"
"1682412923","Farina","Italo"
"1682412928","Ghedini","Omar"
"1682412930","Gaiba","Tonino"
"1682412983","Gnudi","Marino"
"1682412992","Filippini","Gabriele"
"1682413667","Masina","Denis"
"1682413668","Lombardo","Riccardo"
"1682413669","Mattioli","Giuliana"
"1682413670","Bianco","Giuseppe"
"1682413673","Bonazzi","Alberto"
"1682413674","Brini","Ines"
"1682413697","Zucchi","Walter"
"1682413698","Gatti","Manuel"
"1682413733","Negri","Ettore"
"1682413760","Venturini","Livio"
"1682413762","Govoni","Donato"
"1682413885","Fantini","Monica"
"1682413888","Grimaldi","Filomena"
"1682413891","Mazza","Emilio"
"1682413918","Trentini","Mattia"
"1682413921","Vignoli","Piera"
"1682413950","Fiorentini","Tiziano"
"1682413952","Cattani","Livio"
"1682413953","Regazzi","Susanna"
"1682434807","Colombari","Eva"
"1682434811","Finelli","Carmela"
"1682434814","Stefani","Dario"
"1682434815","Orlandi","Riccardo"
"1682434838","Pallotti","Marisa"
"1682434839","Franceschi","Sandro"
"1682434840","Grimandi","Maria"
"1682434841","Tattini","Daniele"
"1682434842","Sacchetti","Denis"
"1682434845","Casalini","William"
"1682434869","Regazzi","Gianluigi"
"1682434873","Farne'","Maria Rosa"
"1682434874","Zhou","Federico"
"1682434875","Migliori","Michael"
"1682434876","Bonfiglioli","Loredana"
"1682434877","Zironi","Giovanna"
"1682434878","Spisni","Carlotta"
"1682434900","Parisi","Sandro"
"1682434905","Lambertini","Mirco"
"1682434906","Billi","Alessandro"
"1682434909","Grazia","Rosina"
"1682434963","Bergami","Valter"
"1682434965","Chen","Martina"
"1682434994","Ronchi","Pierluigi"
"1682434999","Sassi","Arrigo"
"1682435025","Bergamini","Sebastiano"
"1682435056","Farina","Claudio"
"1682435060","Cuppini","Alfonso"
"1682435769","Sacchetti","Irma"
"1682435772","Panzacchi","Katia"
"1682435773","Gasperini","Adriana"
"1682435776","Matteuzzi","Cesarina"
"1682435777","Calzolari","Pierina"
"1682435799","Fantini","Elisabetta"
"1682435800","Grillini","Albertina"
"1682435801","Alberghini","Gianluca"
"1682435802","Casadio","Lidia"
"1682435806","Baroni","Eva"
"1682435807","Rizzo","Gennaro"
"1682435837","Zocca","Omar"
"1682435861","Scala","Annalisa"
"1682435991","Zhou","Nella"
"1682436049","Aldrovandi","Mara"
"1682436053","Sacchetti","Veronica"
"1682436737","Benni","Vincenzo"
"1682436761","Martinelli","Fernanda"
"1682436767","Paolini","Benito"
"1682436769","Santi","Martina"
"1682436791","Fantini","Camilla"
"1682436792","Candini","Aldo"
"1682436793","Vitali","Federico"
"1682436794","Villa","Pierluigi"
"1682436795","Baroni","Cristiano"
"1682436796","Chiarini","Francesca"
"1682436797","Lelli","Giacomo"
"1682436798","Bosi","Ettore"
"1682436799","Vivarelli","Eva"
"1682436800","Tugnoli","Lino"
"1682436823","Bonetti","Andrea"
"1682436824","Prati","Vittoria"
"1682436825","Nicoletti","Fabrizio"
"1682436826","Mascagni","Virginia"
"1682436828","Ghini","Laura"
"1682436831","Vitale","Stefano"
"1682436853","Lanzarini","Miriam"
"1682436856","Lanzoni","Novella"
"1682436858","Rubbini","Dante"
"1682436860","Bolelli","Olga"
"1682436861","Fabbri","Ciro"
"1682436862","Bianchini","Ornella"
"1682436892","Zanarini","Rosa"
"1682436954","Mandrioli","Guglielmo"
"1682436981","Longhi","Anita"
"1682436984","Malaguti","Lamberto"
"1682436986","Battistini","Ermanno"
"1682437694","Gentile","Orlando"
"1682437727","Bianchini","Luciano"
"1682437730","Ravaglia","Salvatore"
"1682437755","Salmi","Piero"
"1682437756","Zambelli","Adelmo"
"1682437784","Vaccari","Valentina"
"1682437790","Greco","Carla"
"1682437792","Mazzoli","Pier Paolo"
"1682437821","Baravelli","Matilde"
"1682437822","Mascagni","Romeo"
"1682437845","Govoni","Giuseppina"
"1682437846","Naldi","Enzo"
"1682437847","Battistini","Flavia"
"1682437848","Sabbioni","Nicolo'"
"1682437849","Fontana","Giuseppa"
"1682437850","Giovannini","David"
"1682437851","Pettazzoni","Lea"
"1682437852","Pedretti","Adriana"
"1682437853","Cesari","Catia"
"1682437854","Poli","Nicoletta"
"1682437877","Raimondi","Assunta"
"1682437878","Piazzi","Ferdinando"
"1682437879","Baldini","Ines"
"1682437880","Bonafe'","Clara"
"1682437881","Martelli","Marina"
"1682437884","Moretti","Isabella"
"1682437907","Finelli","Anna-Maria"
"1682437908","Capelli","Annamaria"
"1682437909","Zerbini","Maurizio"
"1682437910","Bianco","Assunta"
"1682437911","Lombardi","Sonia"
"1682437912","Monaco","Sandra"
"1682437914","Brini","Alfredo"
"1682437915","Tartarini","Sebastiano"
"1682437916","Labanti","Leda"
"1682437940","Garagnani","Moreno"
"1682437944","Neri","Flavia"
"1682437946","Colombari","Ahmed"
"1682437969","Bandiera","Teresa"
"1682437970","Manfredi","Orazio"
"1682437971","Cioni","Rosario"
"1682437972","Fornasari","Nicola"
"1682437973","Baraldi","Emanuela"
"1682437974","Elmi","Fulvio"
"1682437976","Farina","Vittoria"
"1682437978","Moruzzi","Alessia"
"1682438652","Stefanelli","Ornella"
"1682438656","Borelli","Anita"
"1682438685","Comastri","Morena"
"1682438687","Bandiera","Rodolfo"
"1682438688","Melloni","Ida"
"1682438744","Fantini","Gregorio"
"1682438745","Minghetti","Eugenio"
"1682438748","Grimaldi","Antonietta"
"1682438749","Nanetti","Donato"
"1682438775","Casalini","Silvio"
"1682438777","Cuppini","Gaia"
"1682438779","Passerini","Loris"
"1682438780","Martini","Sauro"
"1682438784","Bentivogli","Ciro"
"1682438806","Parisi","Andrea"
"1682438807","Roversi","Augusto"
"1682438810","Bondi","Rossella"
"1682438811","Singh","Saverio"
"1682438812","Salmi","Marcello"
"1682438813","Borsari","Gianmarco"
"1682438814","Borghi","Lorena"
"1682438815","Giusti","Cecilia"
"1682438837","Boni","Arianna"
"1682438840","Casarini","Danilo"
"1682438841","Simoni","Lucio"
"1682438842","Rinaldi","Marino"
"1682438845","Tarozzi","Miriam"
"1682438846","Gentile","Eva"
"1682438868","Pesci","Anna"
"1682438869","Simoni","Monica"
"1682438872","Martinelli","Teresa"
"1682438874","Lelli","Catia"
"1682438875","Lippi","Emma"
"1682438877","Vincenzi","Angiolina"
"1682438899","Boni","Enzo"
"1682438900","Parisini","Benedetta"
"1682438901","Fini","Michele"
"1682438902","Forlani","Maria Teresa"
"1682438903","Romagnoli","Umberto"
"1682438904","Forni","Alessandro"
"1682438905","Rocchi","Gabriele"
"1682438907","Pini","Eva"
"1682438908","Bergonzoni","Benito"
"1682438931","Comastri","Iole"
"1682438932","Malavasi","Maddalena"
"1682438934","Pettazzoni","Alfonso"
"1682438935","Fornasari","Emiliano"
"1682438936","Guerzoni","Adriano"
"1682438937","Balboni","Margherita"
"1682438938","Melotti","Athos"
"1682438939","Bernardi","Norma"
"1682439612","Moruzzi","Maria Antonietta"
"1682439618","Tosi","Carolina"
"1682439621","Bianchini","Massimiliano"
"1682439646","Poluzzi","Manuela"
"1682439647","Laffi","Vittorina"
"1682439650","Serafini","Ivana"
"1682439651","Stagni","Domenica"
"1682439652","Battaglia","Alfonso"
"1682439674","Bruni","Daniela"
"1682439675","Grimandi","Italo"
"1682439676","Mezzetti","Amelia"
"1682439677","Zheng","Maria"
"1682439678","Pazzaglia","Mara"
"1682439681","Bianconi","Marcello"
"1682439705","Turrini","Marino"
"1682439708","Bertocchi","Pierluigi"
"1682439710","Filippini","Pietro"
"1682439712","Cassanelli","Dante"
"1682439736","Esposito","Iole"
"1682439738","Piazzi","Matilde"
"1682439740","Calzolari","Edoardo"
"1682439741","Tattini","Agnese"
"1682439743","Paganelli","Matteo"
"1682439744","Stefanelli","Pasquale"
"1682439745","Michelini","Erika"
"1682439767","Giusti","Marianna"
"1682439768","Villani","Patrizia"
"1682439769","Panzacchi","Alessia"
"1682439771","Matteuzzi","Fernando"
"1682439774","Bergami","Carmela"
"1682439775","Longo","Pasquale"
"1682439799","Boschi","Pierina"
"1682439800","Guerra","Arrigo"
"1682439801","Pizzirani","Gianfranco"
"1682439802","Atti","Romano"
"1682439803","Agostini","Maria Grazia"
"1682439804","Basile","Ferdinando"
"1682439805","Giusti","Thomas"
"1682439832","Rocca","Nicola"
"1682439833","Bonfiglioli","Ernesto"
"1682439834","Vannini","Alessio"
"1682439835","Landuzzi","Giampiero"
"1682439860","Gualandi","Renzo"
"1682439861","Roversi","Clara"
"1682439863","Villa","Edoardo"
"1682439864","Marani","Monica"
"1682439865","Lippi","Franco"
"1682439866","Piazzi","Adele"
"1682439867","Borghi","Otello"
"1682439869","Bianchini","Guglielmo"
"1682439892","Giuliani","Valerio"
"1682439894","Turrini","Marilena"
"1682439895","Minarelli","Emiliano"
"1682439900","Bandiera","Gastone"
"1682440574","Mancini","Silvana"
"1682440576","Malavasi","Carmela"
"1682440578","Piazzi","Pasquale"
"1682440581","Marani","Bruno"
"1682440582","Evangelisti","Renata"
"1682440604","Zani","Federica"
"1682440605","Zaniboni","Marina"
"1682440606","Zironi","Livia"
"1682440610","Bellini","Valeria"
"1682440612","Landuzzi","Alice"
"1682440613","Negri","Valter"
"1682440635","Zappoli","Giovanna"
"1682440639","Albertazzi","Rosa"
"1682440641","Giorgi","Bruno"
"1682440642","Fornasari","Martina"
"1682440644","Scagliarini","Marco"
"1682440668","Guidi","Gian Paolo"
"1682440669","Caselli","Loris"
"1682440670","Ghedini","Maria-Luisa"
"1682440671","Russo","Pierluigi"
"1682440672","Fontana","Ivano"
"1682440673","Grimandi","Gaia"
"1682440674","Negrini","Gina"
"1682440698","Fontana","Enrico"
"1682440699","Farina","Augusto"
"1682440700","Salmi","Silvio"
"1682440702","Donati","Michele"
"1682440703","Zini","Danilo"
"1682440704","Cavalieri","Vito"
"1682440705","Girotti","Ugo"
"1682440728","Federici","Giulia"
"1682440729","Chiarini","Francesca"
"1682440730","Biavati","Dante"
"1682440731","Pozzi","Attilio"
"1682440732","Longo","Otello"
"1682440734","Grimaldi","Antonino"
"1682440735","Tinarelli","Corrado"
"1682440737","Martinelli","Ida"
"1682440759","Govoni","Pier Luigi"
"1682440760","Silvestri","Sauro"
"1682440766","Garagnani","Vincenza"
"1682440794","Monari","Domenica"
"1682440796","Marchi","Ivo"
"1682440797","Sabbioni","Silvia"
"1682440821","Giuliani","Donato"
"1682440824","Lucchi","Sergio"
"1682440825","Gabrielli","Ferruccio"
"1682440826","Manfredini","Edoardo"
"1682440828","Bergami","Maria Grazia"
"1682440829","Negrini","Guido"
"1682440830","Rizzi","Christian"
"1682440852","Lanzoni","Adele"
"1682440853","Morelli","Grazia"
"1682440854","Mazzanti","Elena"
"1682440855","Landi","Arnaldo"
"1682440856","Ghini","Agnese"
"1682440859","Bonetti","Daniel"
"1682440860","Naldi","Mattia"
"1682441535","Santi","Renato"
"1682441566","Bondi","Marinella"
"1682441567","Farina","Amelia"
"1682441568","Baldini","Rino"
"1682441570","Zanni","Maddalena"
"1682441571","Galletti","Ahmed"
"1682441572","Gottardi","Valerio"
"1682441596","Toselli","Andrea"
"1682441603","Gherardi","Fulvio"
"1682441629","Esposito","Vanna"
"1682441632","Caselli","Fernanda"
"1682441634","Olivieri","Cesarina"
"1682441635","Bianconi","Anna-Maria"
"1682441658","Corazza","Marianna"
"1682441661","Tamburini","Anna-Maria"
"1682441662","Stefani","Rosaria"
"1682441663","Tinarelli","Franco"
"1682441666","Calzoni","Ilaria"
"1682441667","Venturi","Catia"
"1682441689","Magli","Alfonso"
"1682441690","Gubellini","Fabrizio"
"1682441695","Biagi","Diana"
"1682441724","Andreoli","Marcella"
"1682441727","Ghedini","Pierpaolo"
"1682441728","Labanti","Debora"
"1682441729","Tonelli","Primo"
"1682441751","Minghetti","Maria Grazia"
"1682441752","Righetti","Jessica"
"1682441754","Moretti","Mirco"
"1682441757","Pozzi","Barbara"
"1682441758","Serra","Valter"
"1682441782","Morelli","Carlo"
"1682441784","Fini","Davide"
"1682441787","Tubertini","Isabella"
"1682441789","Lombardo","Athos"
"1682441815","Bortolotti","Graziano"
"1682441816","Bonini","Manuela"
"1682441817","Macchiavelli","Angela"
"1682441818","Sarti","Luciano"
"1682441821","Parenti","Luciana"
"1682441822","Beghelli","Cecilia"
"1682442495","Collina","Annamaria"
"1682442496","Fava","Edoardo"
"1682442498","Landi","Valerio"
"1682557886","Francia","Romeo"
"1683242268","Biondi","Massimiliano"
"1683298817","Milani","Italo"
"1683299738","Guidi","Massimo"
"1683330499","Alberghini","Umberto"
"1684256035","Lucchi","Carlo"
"1685090119","Benfenati","Marisa"
"1685146045","Parenti","Ornella"
"1685177696","Piazzi","Alessio"
"1685177718","Monari","Sergio"
"1685180575","Arbizzani","Arrigo"
"1685180663","Cane'","Ivo"
"1685180664","Caruso","Tiziano"
"1685180665","Pasini","Liliana"
"1685183396","Biagini","Graziella"
"1685184328","Calzolari","Federica"
"1685240220","Moretti","Alessio"
"1685272765","Zanarini","Lamberto"
"1685979940","Russo","Giulio"
"1685985951","Pazzaglia","Elsa"
"1686011717","Fantini","Liliana"
"1686074152","Musiani","William"
"1686077092","Morini","Concetta"
"1686100251","Grimaldi","Jessica"
"1686102016","Corticelli","Maddalena"
"1686106081","Farina","Sauro"
"1686159744","Billi","Elvira"
"1686163767","Santini","Giampiero"
"1686188509","Bianco","Giorgio"
"1958050810","Rizzoli","Livio"
"1958104814","Orsini","Alessio"
"1958110451","Franchini","Valeria"
"1958132712","Lorenzini","Martina"
"1958138419","Lelli","Annalisa"
"1958167064","Giovannini","Alessandra"
"1958254510","Baraldi","Moreno"
"1958255626","Zucchini","Luigi"
"1958283406","Stagni","Pierina"
"1958288368","Santi","Alfredo"
"1959001238","Zucchelli","Emanuele"
"1959027223","Fontana","Maria"
"1959027245","Grillini","Iole"
"1959029207","Orsini","Eros"
"1959029233","Gamberini","Nino"
"1959029238","Berti","Agostino"
"1959032119","Bignami","Giuseppe"
"1959057010","Cocchi","Oscar"
"1959058061","Natali","Marcello"
"1959061843","Girotti","Alberto"
"1959063675","Marchetti","Vittoria"
"1960851319","Olivieri","Athos"
"1960997303","Scala","Maurizio"
"1960997394","Rimondi","Ernesto"
"1961025294","Sabattini","Anita"
"1961030162","Fiorini","Rossana"
"1961710489","Monaco","Alessia"
"1961739256","Franzoni","Barbara"
"1961739258","Tattini","Ada"
"1961740126","Zerbini","Ivana"
"1961740215","Mandrioli","Rossella"
"1961742230","Carati","Oscar"
"1961745077","Giusti","Mauro"
"1961766995","Grimandi","Fiorella"
"1961767187","Grimaldi","Lea"
"1961769945","Masotti","Rina"
"1961775829","Tosi","Gianna"
"1961796916","Musolesi","Valentina"
"1961797995","Benassi","Silvana"
"1961802528","Bergamini","Rina"
"1961803481","Cavalieri","Alba"
"1961831512","Baroni","Nerina"
"1961831607","Capelli","Emanuele"
"1961833368","Grazia","Donatella"
"1961835196","Pancaldi","Irma"
"1961857424","Romagnoli","Nerio"
"1961857523","Franzoni","Anna"
"1961858389","Borsari","Vittorio"
"1961862353","Parisini","Novella"
"1961887274","Muratori","Giada"
"1961888142","Trombetti","Assunta"
"1961889081","Pini","Edoardo"
"1961889173","Zani","Margherita"
"1961915922","Giordani","Piera"
"1961921782","Baravelli","Armando"
"1961945836","Olivieri","Rosario"
"1961948625","Marcheselli","Massimo"
"1961953619","Montanari","Livio"
"1961981545","Casali","Walter"
"1962632857","Bonvicini","Linda"
"1962634906","Ghini","Mohamed"
"1962664724","Marchesi","Ornella"
"1962667458","Bergami","Antonella"
"1962667484","Agostini","Katia"
"1962697460","Menarini","Ivan"
"1962697462","Zucchini","Ruggero"
"1962698332","Baccolini","Lorena"
"1962752980","Grassi","Francesca"
"1962782744","Nascetti","Milena"
"1962782864","Marchesini","Novella"
"1962782931","Casadei","William"
"1962785629","Gironi","Monica"
"1962786809","Scagliarini","Matteo"
"1962787709","Giuliani","Ermanno"
"1962809651","Ruggeri","Gian Carlo"
"1962809840","Orsini","Adriana"
"1962813741","Scagliarini","Katia"
"1962814484","Cuppini","Livia"
"1962814709","Bartolini","Gilberto"
"1962817372","Pedrini","Leonardo"
"1962872368","Nerozzi","Massimiliano"
"1962876118","Tosi","Giampiero"
"1962902935","Baraldi","Maria Rosa"
"1962903058","Lazzari","Rossella"
"1962904081","Poli","Vilma"
"1962904947","Russo","Maria Antonietta"
"1962905846","Vannini","Federico"
"1962906803","Fava","Giuseppe"
"1963554428","Tagliavini","Antonia"
"1963556595","Malavasi","Livio"
"1963557370","Bortolotti","Giulia"
"1963557432","Bandiera","Lisa"
"1963557494","Stefanelli","Giampiero"
"1963558518","Bartolini","Valerio"
"1963559484","Venturini","Enrica"
"1963560353","Benedetti","Aurelio"
"1963584341","Finelli","Renata"
"1963586231","Zucchelli","Ivano"
"1963592188","Bondi","Felice"
"1963614068","Garuti","Maria Antonietta"
"1963614975","Venturoli","Katia"
"1963615935","Martini","Rossana"
"1963617014","Nerozzi","Albertina"
"1963618129","Ghedini","Caterina"
"1963618843","Serra","Gian Luca"
"1963618876","Guidi","Elena"
"1963619063","Bolognini","Francesco"
"1963619094","Selleri","Christian"
"1963620796","Caruso","Marzia"
"1963620985","Cremonini","Luigi"
"1963621981","Valentini","Anita"
"1963622656","Lodi","Gerardo"
"1963643889","Casali","Jacopo"
"1963647644","Leoni","Lucia"
"1963647766","Bartolini","Ezio"
"1963648603","Bergami","Gianni"
"1963648697","De Luca","Massimo"
"1963649629","Giovannini","Pierina"
"1963651578","Colombari","Cesarino"
"1963652447","Grimandi","Vanna"
"1963652480","Gualandi","Lea"
"1963652541","Corazza","Giampiero"
"1963652732","Muhammad","Emilia"
"1963673688","Pesci","Lara"
"1963673811","Muhammad","Antonio"
"1963673867","Parisi","Gregorio"
"1963674680","Gruppioni","Luca"
"1963675545","Parmeggiani","Pierluigi"
"1963675667","Gentilini","Alba"
"1963676664","Gentilini","Romano"
"1963678431","Parisi","Gianluca"
"1963680562","Zuppiroli","Claudio"
"1963681430","Cinti","Enrica"
"1963706510","Roncarati","Rocco"
"1963707254","Bolognesi","Ernesto"
"1963707322","Musolesi","Miriam"
"1963709153","Bonetti","Guido"
"1963709243","Serafini","Ivano"
"1963709275","Benedetti","Gaia"
"1963709303","Pesci","Emanuela"
"1963710237","Arbizzani","Lamberto"
"1963710265","Comellini","Thomas"
"1963711350","Tosi","Luigi"
"1963712182","Calzoni","Leda"
"1963712315","Baraldi","Pierina"
"1963733325","Biondi","Romeo"
"1963733360","Rubbini","Vincenzo"
"1963733417","Fiorentini","Isabella"
"1963734380","Gnudi","Monica"
"1963763952","Gualandi","Franca"
"1963764081","Cavina","Marcello"
"1963764947","Cuppini","Sandro"
"1963764949","Luppi","Gian Carlo"
"1963765012","Moruzzi","Filippo"
"1963766131","Agostini","Luisa"
"1963766836","Roncarati","Gaetano"
"1963766961","Pazzaglia","Alessandro"
"1963768021","Guidotti","Nicola"
"1963768982","Gasperini","Irma"
"1963771676","Pasquini","Ettore"
"1963792878","Zuppiroli","Elia"
"1963793840","Macchiavelli","Ciro"
"1963795703","Zamboni","Assunta"
"1963797557","Scagliarini","Susanna"
"1963798556","Milani","Carlo"
"1963798557","Martini","Carmela"
"1963798579","Simoni","Rodolfo"
"1963799484","Negroni","Angiolina"
"1963800633","Ferrari","Emiliano"
"1963823604","Lodi","Viviana"
"1963823729","Giorgi","Silvio"
"1963826454","Agostini","Adolfo"
"1963830483","Rinaldi","Valentina"
"1964478070","Matteuzzi","Concetta"
"1964478942","Casadei","Irma"
"1964479004","Gruppioni","Marino"
"1964479069","Atti","Nicolo'"
"1964479094","Zanarini","Walter"
"1964481949","Galli","Vittoria"
"1964482071","Bassi","Erika"
"1964483805","Casarini","Sebastiano"
"1964483932","Minelli","Franco"
"1964484860","Lucchi","Loretta"
"1964484919","Romeo","Arnaldo"
"1964486624","Sacchetti","Giampiero"
"1964486780","Mantovani","Fiorella"
"1964508730","Pallotti","Gina"
"1964509724","Toschi","Alfonso"
"1964509781","Alvisi","Emma"
"1964510652","Sandri","Miriam"
"1964512608","Piazzi","Samuele"
"1964512640","Malavasi","Camilla"
"1964513749","Gentile","Eva"
"1964514590","Rizzi","Benedetta"
"1964514619","Fantini","Giorgina"
"1964514653","Tinti","Romano"
"1964516510","Tedeschi","Vittoria"
"1964516633","Vaccari","Benito"
"1964537532","Beghelli","Mirko"
"1964537590","Roversi","Roberta"
"1964537774","Bonini","Alessandro"
"1964537809","Zambelli","Ugo"
"1964538674","Toschi","Alex"
"1964538713","Bonafe'","Donatella"
"1964539488","Pedretti","Rosanna"
"1964540690","Caruso","Gerardo"
"1964542614","Finelli","Gregorio"
"1964544416","Villa","Adelmo"
"1964544439","Benassi","Marina"
"1964546369","Federici","Filippo"
"1964567535","Zheng","Lorenzo"
"1964571231","Panzacchi","Cristiano"
"1964571260","Serra","Alessio"
"1964573122","Zaniboni","Vanda"
"1964575068","Sarti","Manuel"
"1964600215","Franchi","Fabio"
"1964601170","Marcheselli","Cinzia"
"1964601917","Malaguti","Flavia"
"1964605855","Bernardi","Daniel"
"1964627024","Morara","Marco"
"1964629011","Bernardi","Silvio"
"1964630034","Bertuzzi","Benedetta"
"1964632703","Grimandi","Luciano"
"1964633627","Elmi","Graziano"
"1964635610","Vannini","Pasquale"
"1964635772","Chen","Vittorio"
"1964660538","Lombardi","Germana"
"1964665344","Battaglia","Iole"
"1964665470","Bergamini","Susanna"
"1964686614","Ghedini","Silvana"
"1964689369","Cristiani","Assunta"
"1964689396","Marcheselli","Dina"
"1964689496","Labanti","Adele"
"1964690516","Angelini","Augusto"
"1964691348","Fabbri","Romana"
"1964691571","Scala","Antonio"
"1965520850","Lombardi","Ettore"
"1965551413","Esposito","Sandra"
"1965581205","Cavazza","Alfredo"
"1965581209","Candini","Antonio"
"1965581274","Baldazzi","Vilma"
"1965581424","Ronchi","Jessica"
"1965582381","Caruso","Giorgia"
"1965587094","Poli","Danilo"
"1965587126","Rizzoli","Rosaria"
"1965588089","Laffi","Dino"
"1965588984","Rubini","Franco"
"1965616793","Zuppiroli","Ernesto"
"1965618811","Pasquini","Pietro"
"1965642713","Martelli","Adolfo"
"1965643823","Greco","Alice"
"1965670608","Lipparini","Maura"
"1965672504","Nanetti","Giuseppina"
"1965675513","Biondi","Arianna"
"1965675567","Morelli","Maria-Luisa"
"1965676405","Bartolini","Dino"
"1965676531","Sandri","Antonio"
"1966331002","Santoro","Saverio"
"1966332774","Tinarelli","Chiara"
"1966333728","Franzoni","Nicolo'"
"1966359777","Borelli","Valter"
"1966360574","Prati","Cesare"
"1966362655","Raimondi","Diana"
"1966390340","Farina","Barbara"
"1966391517","Venturoli","Serena"
"1966415607","Stefani","Flavio"
"1966418393","Benassi","Letizia"
"1966445208","Marchetti","Monica"
"1966450017","Bergami","Edda"
"1966451873","Gherardi","Carmen"
"1966475096","Caputo","Francesca"
"1966478963","Rizzo","Lucia"
"1966481630","Pasini","Adriana"
"1966505879","Boni","Benedetta"
"1966507638","Cuppini","Margherita"
"1966511614","Baldini","Thomas"
"1966533743","Guidi","Adelmo"
"1966533745","Mazza","Catia"
"1966534643","Stanzani","Nino"
"1966538458","Rossi","Walther"
"1966540284","Scala","Gastone"
"1966540380","Zanardi","Marino"
"1966564284","Biondi","Miriam"
"1966565363","Sarti","Rosanna"
"1966569116","D'amico","Giulia"
"1966572248","Trombetti","Margherita"
"1966594159","Pasquini","Maurizio"
"1986645429","Paolini","Agnese"
"1986649175","Morara","Carlo"
"1986673267","Farne'","Adolfo"
"1986679000","Lippi","Susanna"
"1986679154","Monari","Francesco"
"1986702222","Marchesini","Luigia"
"1986704173","Poluzzi","Maura"
"1986707026","Martelli","Angelo"
"1986709904","Zheng","Gabriele"
"1986710929","Casalini","Eleonora"
"1986732999","Villani","Valerio"
"1986733905","Baccolini","Martina"
"1986733967","Rizzo","Ivana"
"1986734899","Malaguti","Francesco"
"1986734955","Esposito","Fernando"
"1986737622","Cinti","Catia"
"1986737871","Garagnani","Anna-Maria"
"1986738586","Pezzoli","Manuela"
"1986762576","Tugnoli","Gian Carlo"
"1986762730","Cassanelli","Giordano"
"1986762860","Venturoli","Anna Maria"
"1986766666","Beghelli","Natalina"
"1986768623","Zambelli","Donatella"
"1986769581","Cassanelli","Elena"
"1986770298","Marani","Arrigo"
"1986793359","Rimondi","Paola"
"1986794508","Zanotti","Gianni"
"1986797295","Basile","Natalina"
"1986798382","Fantoni","Michele"
"1986799255","Alvisi","Maurizio"
"1986800092","Franzoni","Annamaria"
"1986825326","Alvisi","Romana"
"1988616472","Ricci","Corrado"
"1988616560","Vaccari","Antonio"
"1988617551","Billi","Novella"
"1988640619","Ugolini","Anna-Maria"
"1988641453","Berselli","Adelmo"
"1988641483","Merighi","Alfredo"
"1988641488","Ansaloni","Diana"
"1988643379","Grimaldi","Alessio"
"1988643537","Mazzini","Maddalena"
"1988644214","Pagani","Giulia"
"1988644273","Rossi","Tiziana"
"1988645178","Grandi","Annalisa"
"1988668365","Villani","Nella"
"1988671243","Carli","Pasquale"
"1988672242","Rahman","Thomas"
"1988673198","Pasquali","Attilio"
"1988673322","Masotti","Alfonso"
"1988676056","Pancaldi","Michele"
"1988676923","Fiorentini","Gianfranco"
"1988677018","Bandiera","Fernando"
"1988677173","Bergamini","Miriam"
"1988698182","Cevenini","Lidia"
"1988698251","Nascetti","Natalina"
"1988699149","Cremonini","Elisa"
"1988700048","Sarti","Walther"
"1988701097","Gaiba","Matteo"
"1988704793","Montanari","Tonino"
"1988705995","Prati","Sonia"
"1988727942","Cavalieri","Lina"
"1988728941","Ugolini","Gian Paolo"
"1988729838","Andreoli","Lucia"
"1988730019","Cremonini","Emanuela"
"1988732751","Mengoli","Monica"
"1988733684","Zanasi","Nicolo'"
"1988733801","Morselli","Manuela"
"1988733805","Zocca","Cesare"
"1988733865","Lombardo","Giampaolo"
"1988757894","Natalini","Milena"
"1988758572","Garagnani","Norma"
"1988759788","Ferrari","Amedeo"
"1988761549","Marchesi","Gino"
"1988761552","Cristiani","Graziella"
"1988762451","Pettazzoni","Adelmo"
"1988762480","Bellini","Nino"
"1988762484","Guidotti","Primo"
"1988762508","Bonafe'","Giulio"
"1988762510","Morselli","Giuseppa"
"1988762608","Bassi","Rosanna"
"1988764527","Tassinari","Sara"
"1988765454","Zhou","Nicoletta"
"1989414038","Vaccari","Miriam"
"1989414067","Roda","Giorgina"
"1989415181","Hu","Arrigo"
"1989417949","Guerzoni","Enrica"
"1989418875","Stanzani","Giovanni"
"1989420825","Tattini","Giordano"
"1989420985","Zappoli","William"
"1989421728","Rossetti","Marilena"
"1989421847","Bandiera","Angelo"
"1989443833","Battaglia","Marco"
"1989444941","Atti","Loretta"
"1989445007","Conti","Luciana"
"1989445012","Venturoli","Jacopo"
"1989446652","Castellari","Ines"
"1989447700","Silvestri","Ines"
"1989448575","Bolognesi","Gastone"
"1989448665","Nascetti","Dario"
"1989448723","Carati","Antonietta"
"1989472626","Landini","Roberto"
"1989472664","Gabrielli","Vincenza"
"1989474734","Monti","Pier Luigi"
"1989477561","Selleri","Marino"
"1989477586","Vignoli","Giorgio"
"1989478518","Natali","Rosa"
"1989479419","Musiani","Maria Cristina"
"1989479450","Maccaferri","Francesco"
"1989479482","Carati","Agnese"
"1989479513","Cenacchi","Michael"
"1989480413","Casarini","Ruggero"
"1989480538","Bonafe'","Gabriella"
"1989481433","Masetti","Alessandra"
"1989504342","Passerini","Antonietta"
"1989504593","Rimondi","Italo"
"1989506447","Sandri","Andrea"
"1989507255","Mazzanti","Mattia"
"1989508343","Bandiera","Adele"
"1989510136","Scagliarini","Maria"
"1989511158","Pedrini","Lucia"
"1989511189","Paganelli","Christian"
"1989511258","Gardini","Francesco"
"1989532300","Bruno","Giordano"
"1989534257","Caruso","Anna-Maria"
"1989534289","Zucchelli","Gianluigi"
"1989535342","Masotti","Filippo"
"1989538164","Cocchi","Luigia"
"1989540142","Parisini","Carlo"
"1989540863","Morselli","Ernesto"
"1989565879","Paolini","Leda"
"1989568945","Facchini","Riccardo"
"1989569813","Bolelli","Aurora"
"1989570623","Casadio","Michelangelo"
"1989592782","Casalini","Maria"
"1989592847","Battaglia","Maria-Luisa"
"1989592936","Grossi","Sauro"
"1989597590","Ferretti","Antonietta"
"1989597779","Prati","Daniele"
"1989597803","Berti","Emma"
"1989598647","Parenti","Fabio"
"1989599669","Casadio","Cesarina"
"1989622547","Battistini","Alessio"
"1989626362","Pasquali","Romeo"
"1989626455","Nerozzi","Simone"
"1989627599","Bentivogli","Teresa"
"1989630232","Pizzirani","Vittorio"
"1989630390","Bernardini","Moreno"
"1989652586","Giordano","Nicoletta"
"1989653546","Alberghini","Loredana"
"1989654227","Bianconi","Michael"
"1989655345","Bertocchi","Carlotta"
"1989659034","Ferretti","Flavio"
"1989682278","Baroncini","Viviana"
"1989682280","Casali","Angela"
"1989684974","Baravelli","Emiliano"
"1989685138","Bassi","Mara"
"1989687085","Rosa","Elisa"
"1989687087","Landini","Ugo"
"1989687088","Bordoni","Eva"
"1989687091","Serafini","Rosaria"
"1989687145","Morini","Diego"
"1989687891","Ghini","Loretta"
"1989687896","Zambelli","Pier Luigi"
"1989688137","Vitali","Rita"
"1989688139","Dondi","Ezio"
"1989690035","De Luca","Fabrizio"
"1989690058","Gatti","Pier Luigi"
"1990339572","Fantuzzi","Lino"
"1990339575","Raimondi","Franca"
"1990343515","Balboni","Tedesca"
"1990345429","Montanari","Emanuele"
"1990345431","Valentini","Stefania"
"1990366355","Buzzecchi","Antonia"
"1990371192","Gandolfi","Nicola"
